<?xml version="1.0" encoding="UTF-8"?>
<!--DOCTYPE PRIVATE "jboss-ds_1_0.dtd"-->

<!-- $Id: remote-jms-ds.xml,v 1.1 2006/01/10 04:12:28 npingle Exp $ -->

<connection-factories>
 
  <!-- 
  ====================================================================
  = Remotable / Remote JMS provider configuration.
  = 
  = This configuration is used to separate producer / consumer load
  = in combination with a remote JMS server based solely on configuration.
  = The MessageDrivenBeans are bound to the remote-invoker-proxy-binding 
  = MDB container which uses the ConsumerJMSProvider.  This 
  = configuartion can be used to connect to the local or remote queue
  = depending on the deployment need.
  = 
  = The ProducerJMSProvider is used by the JMS message producer and 
  = should always be configured to point to the remote JMS server.
  = 
  ==================================================================== 
  -->

  <!-- The JMS Consumer provider loader (REMOTE OR LOCAL WHEN REMOTE IS AVAILABLE) -->
  <mbean code="org.jboss.jms.jndi.JMSProviderLoader"
	 name="jboss.mq:service=JMSProviderLoader,name=RemoteConsumerJMSProvider,server=localhost">
    <!-- attribute name="ProviderName">RemoteConsumerJMSProvider</attribute-->
    <attribute name="ProviderName">DefaultJMSProvider</attribute>
    <attribute name="ProviderAdapterClass">org.jboss.jms.jndi.JNDIProviderAdapter</attribute>
    <attribute name="QueueFactoryRef">XAConnectionFactory</attribute>
    <attribute name="TopicFactoryRef">XAConnectionFactory</attribute>
    <attribute name="Properties">
       java.naming.factory.initial=org.jnp.interfaces.NamingContextFactory
       java.naming.factory.url.pkgs=org.jboss.naming:org.jnp.interfaces
       java.naming.provider.url=localhost:1099 
       jnp.disableDiscovery=true
    </attribute>
  </mbean>
  
  <!-- The JMS Producer provider loader (ALWAYS REMOTE WHEN REMOTE IS AVAILABLE) -->
  <mbean code="org.jboss.jms.jndi.JMSProviderLoader"
     name="jboss.mq:service=JMSProviderLoader,name=RemoteProducerJMSProvider,server=localhost">
    <attribute name="ProviderName">RemoteProducerJMSProvider</attribute>
    <attribute name="ProviderAdapterClass">org.jboss.jms.jndi.JNDIProviderAdapter</attribute>
    <attribute name="QueueFactoryRef">XAConnectionFactory</attribute>
    <attribute name="TopicFactoryRef">XAConnectionFactory</attribute>
    <attribute name="Properties">
       java.naming.factory.initial=org.jnp.interfaces.NamingContextFactory
       java.naming.factory.url.pkgs=org.jboss.naming:org.jnp.interfaces
       java.naming.provider.url=localhost:1099 
       jnp.disableDiscovery=true
    </attribute>
  </mbean>

  <!-- The server session pool for Message Driven Beans -->
  <mbean code="org.jboss.jms.asf.ServerSessionPoolLoader"
	 name="jboss.mq:service=ServerSessionPoolMBean,name=StdJMSPool">
    <depends optional-attribute-name="XidFactory">jboss:service=XidFactory</depends>
    <attribute name="PoolName">StdJMSPool</attribute>
    <attribute name="PoolFactoryClass">
      org.jboss.jms.asf.StdServerSessionPoolFactory
    </attribute>
  </mbean>

  <tx-connection-factory>
    <jndi-name>RemoteConsumerJmsXA</jndi-name>
    <xa-transaction/>
    <track-connection-by-tx/>
    <adapter-display-name>JMS Adapter</adapter-display-name>
    <config-property name="SessionDefaultType" 
                     type="java.lang.String">javax.jms.Topic</config-property>
    <!-- config-property name="JmsProviderAdapterJNDI"
                     type="java.lang.String">java:/RemoteConsumerJMSProvider</config-property-->
    <config-property name="JmsProviderAdapterJNDI"
                     type="java.lang.String">java:/DefaultJMSProvider</config-property>
    <security-domain-and-application>RemoteConsumerJmsXARealm</security-domain-and-application>
    <min-pool-size>20</min-pool-size>
    <max-pool-size>20</max-pool-size>
    <no-tx-separate-pools/>
    <blocking-timeout-millis>10000</blocking-timeout-millis>
    <idle-timeout-minutes>15</idle-timeout-minutes>
  </tx-connection-factory>
  
  <tx-connection-factory>
    <jndi-name>RemoteProducerJmsXA</jndi-name>
    <xa-transaction/> 
    <track-connection-by-tx/>
    <adapter-display-name>JMS Adapter</adapter-display-name>
    <config-property name="SessionDefaultType" 
                     type="java.lang.String">javax.jms.Topic</config-property>
    <config-property name="JmsProviderAdapterJNDI"
                     type="java.lang.String">java:/RemoteProducerJMSProvider</config-property>
    <security-domain-and-application>RemoteProducerJmsXARealm</security-domain-and-application>
    <min-pool-size>20</min-pool-size>
    <max-pool-size>20</max-pool-size>
    <no-tx-separate-pools/>
    <blocking-timeout-millis>10000</blocking-timeout-millis>
    <idle-timeout-minutes>15</idle-timeout-minutes>
  </tx-connection-factory>
  
</connection-factories>
